"RelativePath","Length","CreationTime"
"fajl_info.csv","0","5/19/2025 9:37:28 AM"
"Main.java","828","5/3/2025 5:26:33 PM"
"controller\Action.java","301","5/15/2025 2:41:36 PM"
"controller\Controller.java","5268","5/10/2025 8:50:53 PM"
"controller\visitor\DrawVisitor.java","5970","5/14/2025 5:11:48 PM"
"controller\visitor\GameObjectVisitor.java","3218","5/14/2025 5:11:48 PM"
"controller\visitor\NewObjectVisitor.java","6678","5/14/2025 5:11:48 PM"
"model\Game.java","13262","5/10/2025 8:50:53 PM"
"model\Map.java","5141","5/3/2025 5:26:33 PM"
"model\core\Entity.java","3281","5/3/2025 5:26:33 PM"
"model\core\GameObject.java","2138","5/10/2025 8:50:53 PM"
"model\core\IRound.java","237","5/3/2025 5:26:33 PM"
"model\core\ITurn.java","246","5/3/2025 5:26:33 PM"
"model\core\Player.java","1888","5/3/2025 5:26:33 PM"
"model\effect\ClawParalyzeEffect.java","325","5/3/2025 5:26:33 PM"
"model\effect\Effect.java","1404","5/3/2025 5:26:33 PM"
"model\effect\FastEffect.java","317","5/3/2025 5:26:33 PM"
"model\effect\ParalyzeEffect.java","320","5/3/2025 5:26:33 PM"
"model\effect\SlowEffect.java","319","5/3/2025 5:26:33 PM"
"model\effect\SplitEffect.java","258","5/3/2025 5:26:33 PM"
"model\insect\IInsect.java","1402","5/3/2025 5:26:33 PM"
"model\insect\Insect.java","9548","5/3/2025 5:26:33 PM"
"model\insect\Insecter.java","6255","5/3/2025 5:26:33 PM"
"model\mushroom\IStem.java","1325","5/3/2025 5:26:33 PM"
"model\mushroom\IThread.java","1364","5/3/2025 5:26:33 PM"
"model\mushroom\Mushroomer.java","12977","5/3/2025 5:26:33 PM"
"model\mushroom\MushroomStem.java","5403","5/3/2025 5:26:33 PM"
"model\mushroom\MushroomThread.java","5962","5/3/2025 5:26:33 PM"
"model\mushroom\spore\ClawParalyzingSpore.java","1083","5/3/2025 5:26:33 PM"
"model\mushroom\spore\ISpore.java","920","5/3/2025 5:26:33 PM"
"model\mushroom\spore\ParalyzingSpore.java","1697","5/3/2025 5:26:33 PM"
"model\mushroom\spore\SlowingSpore.java","1732","5/3/2025 5:26:33 PM"
"model\mushroom\spore\SpeedingSpore.java","1662","5/3/2025 5:26:33 PM"
"model\mushroom\spore\SplitterSpore.java","1681","5/3/2025 5:26:33 PM"
"model\mushroom\spore\Spore.java","2728","5/3/2025 5:26:33 PM"
"model\tecton\LifeSupportTecton.java","450","5/3/2025 5:26:33 PM"
"model\tecton\SingleThreadedTecton.java","781","5/3/2025 5:26:33 PM"
"model\tecton\StemlessTecton.java","615","5/3/2025 5:26:33 PM"
"model\tecton\Tecton.java","12282","5/3/2025 5:26:33 PM"
"model\tecton\ThreadConsumingTecton.java","478","5/3/2025 5:26:33 PM"
"resources\icons\insect\normal\insect_normal_1.png","16690","5/10/2025 8:50:53 PM"
"resources\icons\insect\normal\insect_normal_2.png","15505","5/10/2025 8:50:53 PM"
"resources\icons\insect\normal\insect_normal_3.png","16313","5/10/2025 8:50:53 PM"
"resources\icons\insect\normal\insect_normal_4.png","16472","5/10/2025 8:50:53 PM"
"resources\icons\insect\paralyzed\insect_paralyzed_1.png","32806","5/10/2025 8:50:53 PM"
"resources\icons\insect\paralyzed\insect_paralyzed_2.png","30871","5/10/2025 8:50:53 PM"
"resources\icons\insect\paralyzed\insect_paralyzed_3.png","32302","5/10/2025 8:50:53 PM"
"resources\icons\insect\paralyzed\insect_paralyzed_4.png","32178","5/10/2025 8:50:53 PM"
"resources\icons\menu\MainMenu.png","2443428","5/11/2025 5:54:13 PM"
"resources\icons\menu\MainMenu2.png","45708","5/13/2025 9:44:30 PM"
"resources\icons\menu\winnerview.png","22030","5/18/2025 11:08:23 AM"
"resources\icons\mushroom\stem\mushroom_stem_1.png","15747","5/10/2025 8:50:53 PM"
"resources\icons\mushroom\stem\mushroom_stem_2.png","16001","5/10/2025 8:50:53 PM"
"resources\icons\mushroom\stem\mushroom_stem_3.png","15751","5/10/2025 8:50:53 PM"
"resources\icons\mushroom\stem\mushroom_stem_4.png","15884","5/10/2025 8:50:53 PM"
"resources\icons\mushroom\thread\mushroom_thread_1.png","24851","5/10/2025 8:50:53 PM"
"resources\icons\mushroom\thread\mushroom_thread_2.png","24623","5/10/2025 8:50:53 PM"
"resources\icons\mushroom\thread\mushroom_thread_3.png","24455","5/10/2025 8:50:53 PM"
"resources\icons\mushroom\thread\mushroom_thread_4.png","24824","5/10/2025 8:50:53 PM"
"resources\icons\spore\clawparalyzing\spore_clawparalyzing_1.png","27335","5/10/2025 8:50:53 PM"
"resources\icons\spore\clawparalyzing\spore_clawparalyzing_2.png","26556","5/10/2025 8:50:53 PM"
"resources\icons\spore\clawparalyzing\spore_clawparalyzing_3.png","26032","5/10/2025 8:50:53 PM"
"resources\icons\spore\clawparalyzing\spore_clawparalyzing_4.png","27129","5/10/2025 8:50:53 PM"
"resources\icons\spore\paralyzing\spore_paralyzing_1.png","33031","5/10/2025 8:50:53 PM"
"resources\icons\spore\paralyzing\spore_paralyzing_2.png","33537","5/10/2025 8:50:53 PM"
"resources\icons\spore\paralyzing\spore_paralyzing_3.png","28244","5/10/2025 8:50:53 PM"
"resources\icons\spore\paralyzing\spore_paralyzing_4.png","33247","5/10/2025 8:50:53 PM"
"resources\icons\spore\slowing\spore_slowing_1.png","16071","5/10/2025 8:50:53 PM"
"resources\icons\spore\slowing\spore_slowing_2.png","16039","5/10/2025 8:50:53 PM"
"resources\icons\spore\slowing\spore_slowing_3.png","16008","5/10/2025 8:50:53 PM"
"resources\icons\spore\slowing\spore_slowing_4.png","16106","5/10/2025 8:50:53 PM"
"resources\icons\spore\speeding\spore_speeding_1.png","17718","5/10/2025 8:50:53 PM"
"resources\icons\spore\speeding\spore_speeding_2.png","17785","5/10/2025 8:50:53 PM"
"resources\icons\spore\speeding\spore_speeding_3.png","17720","5/10/2025 8:50:53 PM"
"resources\icons\spore\speeding\spore_speeding_4.png","17850","5/10/2025 8:50:53 PM"
"resources\icons\spore\splitter\spore_splitter4.png","24822","5/14/2025 5:11:48 PM"
"resources\icons\spore\splitter\spore_splitter_1.png","25149","5/14/2025 5:11:48 PM"
"resources\icons\spore\splitter\spore_splitter_2.png","24510","5/14/2025 5:11:48 PM"
"resources\icons\spore\splitter\spore_splitter_3.png","24553","5/14/2025 5:11:48 PM"
"resources\icons\tecton\tecton_basic.png","1805","5/10/2025 8:50:53 PM"
"resources\icons\tecton\tecton_lifesupport.png","15390","5/10/2025 8:50:53 PM"
"resources\icons\tecton\tecton_singlethreaded.png","17834","5/10/2025 8:50:53 PM"
"resources\icons\tecton\tecton_stemless.png","20912","5/10/2025 8:50:53 PM"
"resources\icons\tecton\tecton_threadconsuming.png","29488","5/10/2025 8:50:53 PM"
"view\ImageManager.java","4232","5/10/2025 8:50:53 PM"
"view\IUpdateGUI.java","81","5/17/2025 9:39:08 PM"
"view\view.iml","450","5/10/2025 8:50:53 PM"
"view\View.java","2855","5/10/2025 8:50:53 PM"
"view\game\GamePanel.java","2045","5/3/2025 5:20:47 PM"
"view\game\ImagePanel.java","1870","5/10/2025 8:50:53 PM"
"view\game\MapPanel.java","3663","5/3/2025 5:20:47 PM"
"view\game\MiddlePanel.java","2627","5/3/2025 5:20:47 PM"
"view\game\TurnOrderPanel.java","1888","5/3/2025 5:20:47 PM"
"view\game\VMushroomThreadConnection.java","1407","5/10/2025 8:50:53 PM"
"view\game\buttons\GameButton.java","1935","5/13/2025 4:28:03 PM"
"view\game\buttons\InsectButton.java","2963","5/14/2025 5:11:48 PM"
"view\game\buttons\MushroomStemButton.java","2940","5/14/2025 5:11:48 PM"
"view\game\buttons\MushroomThreadButton.java","2923","5/14/2025 5:11:48 PM"
"view\game\buttons\SporeButton.java","2205","5/14/2025 5:11:48 PM"
"view\game\buttons\TectonButton.java","6327","5/13/2025 4:28:03 PM"
"view\game\contentpanel\BasePanel.java","1972","5/14/2025 5:11:48 PM"
"view\game\contentpanel\ContentPanel.java","4538","5/14/2025 5:11:48 PM"
"view\game\contentpanel\InsectsPanel.java","1289","5/14/2025 5:11:48 PM"
"view\game\contentpanel\SporesPanel.java","1228","5/14/2025 5:11:48 PM"
"view\game\contentpanel\StemsPanel.java","1253","5/14/2025 5:11:48 PM"
"view\game\contentpanel\ThreadsPanel.java","1215","5/14/2025 5:11:48 PM"
"view\game\popup\InsectPop.java","2745","5/15/2025 2:41:36 PM"
"view\game\popup\MushroomStemPop.java","1790","5/15/2025 2:41:36 PM"
"view\game\popup\ThreadPop.java","2480","5/15/2025 2:41:36 PM"
"view\game\sidebar\ButtonsPanel.java","2803","5/4/2025 6:48:41 PM"
"view\game\sidebar\ChatLogPanel.java","2181","5/4/2025 6:48:41 PM"
"view\game\sidebar\SidebarButton.java","1150","5/4/2025 6:48:41 PM"
"view\game\sidebar\SidebarPanel.java","1730","5/4/2025 6:48:41 PM"
"view\game\winner\WinnerView.java","2786","5/18/2025 11:05:47 AM"
"view\mainMenu\MainMenu.java","3929","5/3/2025 5:22:55 PM"
"view\mainMenu\MenuButton.java","1395","5/3/2025 5:22:55 PM"
